Chr 1,Chr 2
IGHV1-69D*01,IGHV1-69D*01
IGHV1-45*03,IGHV1-45*01
IGHV5-51*03,IGHV5-51*04
IGHV4-34*10,IGHV4-34*02
IGHV1/OR15-1*03,IGHV1/OR15-1*02
IGHV2-70*10,IGHV2-70*16
IGHV3/OR16-6*02,IGHV3/OR16-6*02
IGHV3-38-3*01,IGHV3-38-3*01
IGHV4/OR15-8*01,IGHV4/OR15-8*03
IGHV3-43*02,IGHV3-43*01
IGHV3/OR16-17*01,IGHV3/OR16-17*01
IGHV4-30-4*01,IGHV4-30-4*02
IGHV3-30*17,IGHV3-30*15
IGHV3-33*01,IGHV3-33*05
IGHV6-1*02,IGHV6-1*01
IGHV3-64D*08,IGHV3-64D*06
IGHV1-2*04,IGHV1-2*07
IGHV3-73*02,IGHV3-73*01
IGHV3-23*01,IGHV3-23*04
IGHV3-20*04,IGHV3-20*03
IGHV3-23D*01,IGHV3-23D*01
IGHV5-10-1*03,IGHV5-10-1*01
IGHV1-69-2*01,IGHV1-69-2*01
IGHV2-26*03,IGHV2-26*02
IGHV1-24*01,IGHV1-24*01
IGHV4-39*07,IGHV4-39*06
IGHV1/OR21-1*01,IGHV1/OR21-1*01
IGHV3-11*05,IGHV3-11*04
IGHV3-49*03,IGHV3-49*02
IGHV1-58*02,IGHV1-58*01
IGHV3-30-3*01,IGHV3-30-3*02
IGHV3/OR15-7*02,IGHV3/OR15-7*03
IGHV3-74*03,IGHV3-74*02
IGHV8-51-1*04,IGHV8-51-1*02
IGHV3/OR16-20*01,IGHV3/OR16-20*01
IGHV7-81*01,IGHV7-81*01
IGHV1-3*02,IGHV1-3*05
IGHV2-70D*04,IGHV2-70D*14
IGHV3-66*03,IGHV3-66*02
IGHV7-4-1*02,IGHV7-4-1*04
IGHV3-7*05,IGHV3-7*03
IGHV4-4*07,IGHV4-4*02
IGHV3-38*03,IGHV3-38*02
IGHV3-53*02,IGHV3-53*04
IGHV1-38-4*01,IGHV1-38-4*01
IGHV3-62*04,IGHV3-62*04
IGHV4-61*05,IGHV4-61*08
IGHV3-NL1*01,IGHV3-NL1*01
IGHV3-21*06,IGHV3-21*02
IGHV4-59*02,IGHV4-59*13
IGHV4-28*05,IGHV4-28*06
IGHV3-9*03,IGHV3-9*01
IGHV3-35*02,IGHV3-35*01
IGHV1/OR15-9*01,IGHV1/OR15-9*01
IGHV2-5*06,IGHV2-5*01
IGHV3-30-5*02,IGHV3-30-5*01
IGHV1-8*03,IGHV1-8*01
IGHV3/OR16-10*02,IGHV3/OR16-10*03
IGHV3-25*04,IGHV3-25*04
IGHV4-31*02,IGHV4-31*03
IGHV3-13*03,IGHV3-13*05
IGHV1/OR15-5*02,IGHV1/OR15-5*02
IGHV3-43D*03,IGHV3-43D*04
IGHV3/OR16-8*01,IGHV3/OR16-8*02
IGHV3-72*01,IGHV3-72*01
IGHV3-15*01,IGHV3-15*08
IGHV3/OR16-9*01,IGHV3/OR16-9*01
IGHV4-38-2*02,IGHV4-38-2*01
IGHV3-48*04,IGHV3-48*03
IGHV1-18*01,IGHV1-18*03
IGHV3-64*07,IGHV3-64*03
IGHV4-30-2*03,IGHV4-30-2*06
IGHV1-46*04,IGHV1-46*01
IGHV3-16*01,IGHV3-16*02
IGHV1-69*14,IGHV1-69*14
IGHV3/OR16-12*01,IGHV3/OR16-12*01
IGHV3/OR16-13*01,IGHV3/OR16-13*01
IGHV2/OR16-5*01,IGHV2/OR16-5*01
IGHD3-22*01,IGHD3-22*01
IGHD1-7*01,IGHD1-7*01
IGHD5/OR15-5a*01,IGHD5/OR15-5a*01
IGHD3/OR15-3a*01,IGHD3/OR15-3a*01
IGHD5-12*01,IGHD5-12*01
IGHD2/OR15-2a*01,IGHD2/OR15-2a*01
IGHD6-13*01,IGHD6-13*01
IGHD4-4*01,IGHD4-4*01
IGHD1-1*01,IGHD1-1*01
IGHD6-6*01,IGHD6-6*01
IGHD6-25*01,IGHD6-25*01
IGHD5-24*01,IGHD5-24*01
IGHD1-20*01,IGHD1-20*01
IGHD4/OR15-4a*01,IGHD4/OR15-4a*01
IGHD3-10*01,IGHD3-10*02
IGHD3/OR15-3b*01,IGHD3/OR15-3b*01
IGHD7-27*01,IGHD7-27*01
IGHD6-19*01,IGHD6-19*01
IGHD1-26*01,IGHD1-26*01
IGHD1/OR15-1b*01,IGHD1/OR15-1b*01
IGHD2-21*02,IGHD2-21*01
IGHD4/OR15-4b*01,IGHD4/OR15-4b*01
IGHD5-5*01,IGHD5-5*01
IGHD2-2*02,IGHD2-2*01
IGHD3-3*01,IGHD3-3*02
IGHD2/OR15-2b*01,IGHD2/OR15-2b*01
IGHD2-8*01,IGHD2-8*02
IGHD3-16*02,IGHD3-16*01
IGHD1-14*01,IGHD1-14*01
IGHD4-11*01,IGHD4-11*01
IGHD4-17*01,IGHD4-17*01
IGHD1/OR15-1a*01,IGHD1/OR15-1a*01
IGHD5-18*01,IGHD5-18*01
IGHD2-15*01,IGHD2-15*01
IGHD3-9*01,IGHD3-9*01
IGHD5/OR15-5b*01,IGHD5/OR15-5b*01
IGHD4-23*01,IGHD4-23*01
IGHJ2*01,IGHJ2*01
IGHJ6*04,IGHJ6*01
IGHJ4*01,IGHJ4*03
IGHJ5*01,IGHJ5*02
IGHJ1*01,IGHJ1*01
IGHJ3*02,IGHJ3*01
